DutyCycle, Velocity 
0.000000 0.000000 
0.000000 0.000000 
1.000000 0.000000 
2.000000 0.000000 
3.000000 0.000000 
4.000000 0.000000 
5.000000 0.000000 
6.000000 0.000000 
7.000000 0.000000 
8.000000 0.000000 
9.000000 0.000000 
10.000000 0.000000 
11.000000 0.000000 
12.000000 0.003342 
13.000000 0.004972 
14.000000 0.006520 
15.000000 0.011125 
16.000000 0.014141 
17.000000 0.015954 
18.000000 0.019785 
19.000000 0.022209 
20.000000 0.026753 
21.000000 0.033742 
22.000000 0.037695 
23.000000 0.041281 
24.000000 0.045112 
25.000000 0.049513 
26.000000 0.053058 
27.000000 0.057785 
28.000000 0.060883 
29.000000 0.063755 
30.000000 0.065630 
31.000000 0.069175 
32.000000 0.077326 
33.000000 0.080341 
34.000000 0.084437 
35.000000 0.088145 
36.000000 0.092526 
37.000000 0.096092 
38.000000 0.095969 
39.000000 0.090305 
40.000000 0.086760 
41.000000 0.103549 
42.000000 0.115978 
43.000000 0.120522 
44.000000 0.125698 
45.000000 0.129039 
46.000000 0.131973 
47.000000 0.133501 
48.000000 0.135417 
49.000000 0.139105 
50.000000 0.141448 
51.000000 0.152410 
52.000000 0.155609 
53.000000 0.160153 
54.000000 0.163902 
55.000000 0.167264 
56.000000 0.171685 
57.000000 0.175435 
58.000000 0.180223 
59.000000 0.185011 
60.000000 0.188883 
61.000000 0.192958 
62.000000 0.196890 
63.000000 0.198194 
64.000000 0.182322 
65.000000 0.201801 
66.000000 0.210155 
67.000000 0.212742 
68.000000 0.213333 
69.000000 0.213496 
70.000000 0.216756 
71.000000 0.226516 
72.000000 0.230103 
73.000000 0.235176 
74.000000 0.239190 
75.000000 0.243000 
76.000000 0.246831 
77.000000 0.250091 
78.000000 0.253575 
79.000000 0.256020 
80.000000 0.241024 
81.000000 0.253066 
82.000000 0.266269 
83.000000 0.267247 
84.000000 0.270283 
85.000000 0.274216 
86.000000 0.280186 
87.000000 0.284424 
88.000000 0.288988 
89.000000 0.292248 
90.000000 0.294897 
91.000000 0.297831 
92.000000 0.301295 
93.000000 0.296303 
94.000000 0.293043 
95.000000 0.311564 
96.000000 0.314784 
97.000000 0.317779 
98.000000 0.321060 
99.000000 0.324768 
100.000000 0.328843 
101.000000 0.332674 
102.000000 0.334772 
103.000000 0.338277 
104.000000 0.343004 
105.000000 0.339275 
106.000000 0.348974 
107.000000 0.352927 
108.000000 0.355168 
109.000000 0.358755 
110.000000 0.362748 
111.000000 0.367862 
112.000000 0.371897 
113.000000 0.374953 
114.000000 0.379497 
115.000000 0.378010 
116.000000 0.381066 
117.000000 0.387362 
118.000000 0.389196 
119.000000 0.393047 
120.000000 0.398446 
121.000000 0.402786 
122.000000 0.407228 
123.000000 0.409877 
124.000000 0.412363 
125.000000 0.404518 
126.000000 0.416336 
127.000000 0.421104 
128.000000 0.424731 
129.000000 0.430131 
130.000000 0.434104 
131.000000 0.437018 
132.000000 0.439503 
133.000000 0.438648 
134.000000 0.438464 
135.000000 0.449773 
136.000000 0.453542 
137.000000 0.456925 
138.000000 0.461265 
139.000000 0.463832 
140.000000 0.466990 
141.000000 0.470535 
142.000000 0.469863 
143.000000 0.477321 
144.000000 0.479134 
145.000000 0.484248 
146.000000 0.487610 
147.000000 0.490646 
148.000000 0.495740 
149.000000 0.496637 
150.000000 0.498552 
151.000000 0.502709 
152.000000 0.505622 
153.000000 0.511959 
154.000000 0.516523 
155.000000 0.520395 
156.000000 0.523492 
157.000000 0.516462 
158.000000 0.527811 
159.000000 0.530786 
160.000000 0.536858 
161.000000 0.540628 
162.000000 0.543093 
163.000000 0.546761 
164.000000 0.540913 
165.000000 0.553750 
166.000000 0.556623 
167.000000 0.561085 
168.000000 0.564223 
169.000000 0.566403 
170.000000 0.569724 
171.000000 0.572679 
172.000000 0.576876 
173.000000 0.580034 
174.000000 0.585495 
175.000000 0.589998 
176.000000 0.593951 
177.000000 0.592321 
178.000000 0.599534 
179.000000 0.599473 
180.000000 0.606665 
181.000000 0.610761 
182.000000 0.613695 
183.000000 0.608397 
184.000000 0.618035 
185.000000 0.621254 
186.000000 0.627897 
187.000000 0.631218 
188.000000 0.633419 
189.000000 0.630097 
190.000000 0.641630 
191.000000 0.644503 
192.000000 0.649088 
193.000000 0.652877 
194.000000 0.655873 
195.000000 0.656525 
196.000000 0.662128 
197.000000 0.664145 
198.000000 0.669606 
199.000000 0.673599 
200.000000 0.674537 
201.000000 0.676758 
202.000000 0.679162 
203.000000 0.684643 
204.000000 0.689391 
205.000000 0.692773 
206.000000 0.687007 
207.000000 0.696237 
208.000000 0.701127 
209.000000 0.705813 
210.000000 0.708197 
211.000000 0.704041 
212.000000 0.713862 
213.000000 0.717489 
214.000000 0.721421 
215.000000 0.724050 
216.000000 0.725965 
217.000000 0.728451 
218.000000 0.732465 
219.000000 0.737253 
220.000000 0.741532 
221.000000 0.744609 
222.000000 0.743549 
223.000000 0.748480 
224.000000 0.754960 
225.000000 0.759850 
226.000000 0.759768 
227.000000 0.759198 
228.000000 0.767715 
229.000000 0.773155 
230.000000 0.776456 
231.000000 0.772951 
232.000000 0.781611 
233.000000 0.785605 
234.000000 0.789252 
235.000000 0.792023 
236.000000 0.793653 
237.000000 0.800357 
238.000000 0.802720 
239.000000 0.807508 
240.000000 0.811930 
241.000000 0.811257 
242.000000 0.814253 
243.000000 0.821771 
244.000000 0.826091 
245.000000 0.824339 
246.000000 0.830533 
247.000000 0.834364 
248.000000 0.840171 
249.000000 0.841638 
250.000000 0.839946 
251.000000 0.848688 
252.000000 0.853476 
253.000000 0.856267 
254.000000 0.857796 
255.000000 0.862991 
256.000000 0.865538 
257.000000 0.870632 
258.000000 0.873913 
259.000000 0.874707 
260.000000 0.877315 
261.000000 0.884223 
262.000000 0.887972 
263.000000 0.884182 
264.000000 0.890886 
265.000000 0.897059 
266.000000 0.899016 
267.000000 0.896082 
268.000000 0.906453 
269.000000 0.909611 
270.000000 0.913462 
271.000000 0.914297 
272.000000 0.919412 
273.000000 0.922386 
274.000000 0.926889 
275.000000 0.928479 
276.000000 0.932472 
277.000000 0.936975 
278.000000 0.942762 
279.000000 0.940134 
280.000000 0.946837 
281.000000 0.952400 
282.000000 0.955599 
283.000000 0.952991 
284.000000 0.961324 
285.000000 0.965461 
286.000000 0.968660 
287.000000 0.970371 
288.000000 0.973468 
289.000000 0.974691 
290.000000 0.978053 
291.000000 0.978094 
292.000000 0.981048 
293.000000 0.989280 
294.000000 0.992601 
295.000000 0.990563 
296.000000 0.999121 
297.000000 1.004317 
298.000000 1.001322 
299.000000 1.009676 
300.000000 1.012997 
301.000000 1.015279 
302.000000 1.016318 
303.000000 1.021147 
304.000000 1.025406 
305.000000 1.029664 
306.000000 1.030153 
307.000000 1.033801 
308.000000 1.040932 
309.000000 1.039078 
310.000000 1.045598 
311.000000 1.051344 
312.000000 1.054197 
313.000000 1.052159 
314.000000 1.061634 
315.000000 1.064955 
316.000000 1.065811 
317.000000 1.070497 
318.000000 1.074674 
319.000000 1.079483 
320.000000 1.079809 
321.000000 1.082845 
322.000000 1.089039 
323.000000 1.088591 
324.000000 1.092870 
325.000000 1.098718 
326.000000 1.102406 
327.000000 1.100470 
328.000000 1.109252 
329.000000 1.112532 
330.000000 1.113938 
331.000000 1.118971 
332.000000 1.123331 
333.000000 1.126734 
334.000000 1.127631 
335.000000 1.133601 
336.000000 1.139611 
337.000000 1.137452 
338.000000 1.143952 
339.000000 1.148067 
340.000000 1.145684 
341.000000 1.155321 
342.000000 1.158867 
343.000000 1.159824 
344.000000 1.165570 
345.000000 1.168810 
346.000000 1.171010 
347.000000 1.171642 
348.000000 1.176960 
349.000000 1.182462 
350.000000 1.180607 
351.000000 1.190062 
352.000000 1.192975 
353.000000 1.192548 
354.000000 1.200779 
355.000000 1.203550 
356.000000 1.205669 
357.000000 1.209846 
358.000000 1.214961 
359.000000 1.216326 
360.000000 1.219179 
361.000000 1.225780 
362.000000 1.224191 
363.000000 1.230100 
364.000000 1.236233 
365.000000 1.234358 
366.000000 1.241042 
367.000000 1.244668 
368.000000 1.247012 
369.000000 1.250965 
370.000000 1.256181 
371.000000 1.257587 
372.000000 1.260073 
373.000000 1.267774 
374.000000 1.266246 
375.000000 1.271564 
376.000000 1.277188 
377.000000 1.275803 
378.000000 1.283749 
379.000000 1.286704 
380.000000 1.288497 
381.000000 1.293305 
382.000000 1.298134 
383.000000 1.298501 
384.000000 1.302923 
385.000000 1.309850 
386.000000 1.305979 
387.000000 1.315433 
388.000000 1.317124 
389.000000 1.318306 
390.000000 1.324826 
391.000000 1.326477 
392.000000 1.332101 
393.000000 1.335748 
394.000000 1.337561 
395.000000 1.340760 
396.000000 1.346995 
397.000000 1.344958 
398.000000 1.352354 
399.000000 1.356490 
400.000000 1.355675 
401.000000 1.362888 
402.000000 1.366271 
403.000000 1.369347 
404.000000 1.374584 
405.000000 1.376316 
406.000000 1.379535 
407.000000 1.386198 
408.000000 1.384955 
409.000000 1.391414 
410.000000 1.395774 
411.000000 1.395021 
412.000000 1.403293 
413.000000 1.404903 
414.000000 1.408917 
415.000000 1.414153 
416.000000 1.415804 
417.000000 1.419125 
418.000000 1.424973 
419.000000 1.422772 
420.000000 1.432247 
421.000000 1.430046 
422.000000 1.438217 
423.000000 1.441762 
424.000000 1.442231 
425.000000 1.446979 
426.000000 1.449546 
427.000000 1.452195 
428.000000 1.458287 
429.000000 1.456392 
430.000000 1.463850 
431.000000 1.465867 
432.000000 1.468393 
433.000000 1.474975 
434.000000 1.477359 
435.000000 1.481230 
436.000000 1.486365 
437.000000 1.485570 
438.000000 1.493537 
439.000000 1.492783 
440.000000 1.498774 
441.000000 1.503603 
442.000000 1.503073 
443.000000 1.510469 
444.000000 1.512690 
445.000000 1.516704 
446.000000 1.521391 
447.000000 1.519292 
448.000000 1.528828 
449.000000 1.528298 
450.000000 1.535144 
451.000000 1.536632 
452.000000 1.541868 
453.000000 1.546493 
454.000000 1.548083 
455.000000 1.552280 
456.000000 1.555174 
457.000000 1.559636 
458.000000 1.564057 
459.000000 1.560919 
460.000000 1.569314 
461.000000 1.567868 
462.000000 1.576018 
463.000000 1.578442 
464.000000 1.582518 
465.000000 1.586817 
466.000000 1.588528 
467.000000 1.593521 
468.000000 1.594437 
469.000000 1.599042 
470.000000 1.601385 
471.000000 1.603566 
472.000000 1.609312 
473.000000 1.611675 
474.000000 1.617380 
475.000000 1.620152 
476.000000 1.622372 
477.000000 1.627140 
478.000000 1.628383 
479.000000 1.634924 
480.000000 1.634007 
481.000000 1.641750 
482.000000 1.643196 
483.000000 1.648596 
484.000000 1.650980 
485.000000 1.654423 
486.000000 1.660128 
487.000000 1.659273 
488.000000 1.667871 
489.000000 1.666567 
490.000000 1.673943 
491.000000 1.676694 
492.000000 1.680260 
493.000000 1.684274 
494.000000 1.686332 
495.000000 1.691690 
496.000000 1.691833 
497.000000 1.699922 
498.000000 1.698964 
499.000000 1.705709 
500.000000 1.707461 
501.000000 1.712616 
502.000000 1.714572 
503.000000 1.718647 
504.000000 1.720094 
505.000000 1.725310 
506.000000 1.725962 
507.000000 1.732421 
508.000000 1.737169 
509.000000 1.738636 
510.000000 1.744565 
511.000000 1.745238 
512.000000 1.752390 
513.000000 1.751758 
514.000000 1.758828 
515.000000 1.759786 
516.000000 1.766490 
517.000000 1.768323 
518.000000 1.772256 
519.000000 1.775536 
520.000000 1.779347 
521.000000 1.783157 
522.000000 1.786763 
523.000000 1.788882 
524.000000 1.793773 
525.000000 1.797950 
526.000000 1.799213 
527.000000 1.805489 
528.000000 1.804918 
529.000000 1.813231 
530.000000 1.811377 
531.000000 1.819344 
532.000000 1.819018 
533.000000 1.826027 
534.000000 1.826924 
535.000000 1.832812 
536.000000 1.831916 
537.000000 1.838069 
538.000000 1.836765 
539.000000 1.843774 
540.000000 1.844162 
541.000000 1.850437 
542.000000 1.854696 
543.000000 1.858078 
544.000000 1.860971 
545.000000 1.865760 
546.000000 1.866066 
547.000000 1.872749 
548.000000 1.873095 
549.000000 1.879391 
550.000000 1.880960 
551.000000 1.885687 
552.000000 1.885830 
553.000000 1.889864 
554.000000 1.888703 
555.000000 1.896038 
556.000000 1.896873 
557.000000 1.902293 
558.000000 1.903149 
559.000000 1.907387 
560.000000 1.909038 
561.000000 1.914702 
562.000000 1.915273 
563.000000 1.923423 
564.000000 1.923158 
565.000000 1.931064 
566.000000 1.933081 
567.000000 1.939275 
568.000000 1.939357 
569.000000 1.946936 
570.000000 1.943778 
571.000000 1.949321 
572.000000 1.954252 
573.000000 1.955882 
574.000000 1.961322 
575.000000 1.963930 
576.000000 1.967985 
577.000000 1.970674 
578.000000 1.976298 
579.000000 1.976889 
580.000000 1.984061 
581.000000 1.987321 
582.000000 1.990704 
583.000000 1.994188 
584.000000 2.002379 
585.000000 2.000952 
586.000000 2.008940 
587.000000 2.009205 
588.000000 2.016275 
589.000000 2.020574 
590.000000 2.023040 
591.000000 2.025851 
592.000000 2.029682 
593.000000 2.035021 
594.000000 2.036080 
595.000000 2.043782 
596.000000 2.045616 
597.000000 2.050812 
598.000000 2.051056 
599.000000 2.056476 
600.000000 2.057434 
601.000000 2.057495 
602.000000 2.062507 
603.000000 2.065156 
604.000000 2.068946 
605.000000 2.071106 
606.000000 2.077463 
607.000000 2.076750 
608.000000 2.083637 
609.000000 2.085389 
610.000000 2.089281 
611.000000 2.095659 
612.000000 2.099591 
613.000000 2.102647 
614.000000 2.103992 
615.000000 2.112509 
616.000000 2.112713 
617.000000 2.118479 
618.000000 2.122942 
619.000000 2.125692 
620.000000 2.128749 
621.000000 2.129930 
622.000000 2.136614 
623.000000 2.139344 
624.000000 2.144825 
625.000000 2.149308 
626.000000 2.153138 
627.000000 2.154504 
628.000000 2.156195 
629.000000 2.162552 
630.000000 2.163347 
631.000000 2.170356 
632.000000 2.174716 
633.000000 2.177039 
634.000000 2.181726 
635.000000 2.182357 
636.000000 2.189774 
637.000000 2.190365 
638.000000 2.193910 
639.000000 2.197659 
640.000000 2.200247 
641.000000 2.203120 
642.000000 2.203914 
643.000000 2.208845 
644.000000 2.216772 
645.000000 2.219278 
646.000000 2.223536 
647.000000 2.226837 
648.000000 2.232807 
649.000000 2.237860 
650.000000 2.239755 
651.000000 2.244197 
652.000000 2.244707 
653.000000 2.248109 
654.000000 2.252327 
655.000000 2.253407 
656.000000 2.259744 
657.000000 2.259785 
658.000000 2.265245 
659.000000 2.269402 
660.000000 2.271929 
661.000000 2.276696 
662.000000 2.276533 
663.000000 2.282055 
664.000000 2.286008 
665.000000 2.286721 
666.000000 2.293017 
667.000000 2.292916 
668.000000 2.296400 
669.000000 2.302512 
670.000000 2.304265 
671.000000 2.308177 
672.000000 2.308279 
673.000000 2.311009 
674.000000 2.316551 
675.000000 2.316225 
676.000000 2.318630 
677.000000 2.324050 
678.000000 2.327085 
679.000000 2.332730 
680.000000 2.333647 
681.000000 2.335867 
682.000000 2.341002 
683.000000 2.340513 
684.000000 2.348052 
685.000000 2.351312 
686.000000 2.354613 
687.000000 2.362519 
688.000000 2.361194 
689.000000 2.362988 
690.000000 2.369874 
691.000000 2.371260 
692.000000 2.375376 
693.000000 2.381550 
694.000000 2.383608 
695.000000 2.386949 
696.000000 2.394081 
697.000000 2.397789 
698.000000 2.402863 
699.000000 2.404167 
700.000000 2.404207 
701.000000 2.412582 
702.000000 2.417839 
703.000000 2.422912 
704.000000 2.426172 
705.000000 2.427008 
706.000000 2.431205 
707.000000 2.436931 
708.000000 2.437909 
709.000000 2.442554 
710.000000 2.447017 
711.000000 2.445631 
712.000000 2.450725 
713.000000 2.454902 
714.000000 2.454393 
715.000000 2.459711 
716.000000 2.464173 
717.000000 2.464764 
718.000000 2.465029 
719.000000 2.466170 
720.000000 2.470449 
721.000000 2.476337 
722.000000 2.479618 
723.000000 2.484528 
724.000000 2.488583 
725.000000 2.493799 
726.000000 2.500197 
727.000000 2.504741 
728.000000 2.504354 
729.000000 2.509937 
730.000000 2.514420 
731.000000 2.514766 
732.000000 2.520736 
733.000000 2.524505 
734.000000 2.527358 
735.000000 2.529966 
736.000000 2.533165 
737.000000 2.535936 
738.000000 2.536608 
739.000000 2.542884 
740.000000 2.547041 
741.000000 2.552665 
742.000000 2.555945 
743.000000 2.561345 
744.000000 2.562119 
745.000000 2.568945 
746.000000 2.573631 
747.000000 2.573733 
748.000000 2.580213 
749.000000 2.584410 
750.000000 2.582046 
751.000000 2.584879 
752.000000 2.593823 
753.000000 2.594109 
754.000000 2.593987 
755.000000 2.598326 
756.000000 2.605071 
757.000000 2.608127 
758.000000 2.612793 
759.000000 2.616196 
760.000000 2.617500 
761.000000 2.623225 
762.000000 2.627423 
763.000000 2.630948 
764.000000 2.635186 
765.000000 2.636123 
766.000000 2.642481 
767.000000 2.643072 
768.000000 2.646332 
769.000000 2.650692 
770.000000 2.652077 
771.000000 2.656907 
772.000000 2.661776 
773.000000 2.666341 
774.000000 2.670640 
775.000000 2.676508 
776.000000 2.677567 
777.000000 2.677649 
778.000000 2.684801 
779.000000 2.690771 
780.000000 2.692890 
781.000000 2.687877 
782.000000 2.690221 
783.000000 2.697617 
784.000000 2.696659 
785.000000 2.699044 
786.000000 2.705482 
787.000000 2.710331 
788.000000 2.709944 
789.000000 2.717748 
790.000000 2.725899 
789.000000 2.725715 
788.000000 2.725797 
787.000000 2.716017 
786.000000 2.714529 
785.000000 2.709639 
784.000000 2.707825 
783.000000 2.704463 
782.000000 2.704606 
781.000000 2.697088 
780.000000 2.694153 
779.000000 2.692605 
778.000000 2.686309 
777.000000 2.684047 
776.000000 2.684149 
775.000000 2.679646 
774.000000 2.673207 
773.000000 2.671923 
772.000000 2.668826 
771.000000 2.663386 
770.000000 2.659657 
769.000000 2.657335 
768.000000 2.656968 
767.000000 2.650488 
766.000000 2.648145 
765.000000 2.644865 
764.000000 2.637550 
763.000000 2.636123 
762.000000 2.634310 
761.000000 2.629623 
760.000000 2.626037 
759.000000 2.624958 
758.000000 2.619986 
757.000000 2.614464 
756.000000 2.615136 
755.000000 2.613282 
754.000000 2.609044 
753.000000 2.605152 
752.000000 2.602096 
751.000000 2.597858 
750.000000 2.591012 
749.000000 2.588342 
748.000000 2.587711 
747.000000 2.583004 
746.000000 2.579459 
745.000000 2.576973 
744.000000 2.572531 
743.000000 2.571471 
742.000000 2.567498 
741.000000 2.559817 
740.000000 2.557698 
739.000000 2.557208 
738.000000 2.551972 
737.000000 2.549751 
736.000000 2.548753 
735.000000 2.539339 
734.000000 2.532778 
733.000000 2.529314 
732.000000 2.528744 
731.000000 2.530088 
730.000000 2.528988 
729.000000 2.522183 
728.000000 2.522040 
727.000000 2.521531 
726.000000 2.519146 
725.000000 2.512708 
724.000000 2.505475 
723.000000 2.505291 
722.000000 2.499810 
721.000000 2.494981 
720.000000 2.492292 
719.000000 2.487544 
718.000000 2.484854 
717.000000 2.481146 
716.000000 2.472018 
715.000000 2.472201 
714.000000 2.467535 
713.000000 2.461972 
712.000000 2.461769 
711.000000 2.457103 
710.000000 2.451581 
709.000000 2.454006 
708.000000 2.447343 
707.000000 2.443716 
706.000000 2.443492 
705.000000 2.435932 
704.000000 2.430431 
703.000000 2.431328 
702.000000 2.426458 
701.000000 2.422484 
700.000000 2.418613 
699.000000 2.410605 
698.000000 2.406999 
697.000000 2.407264 
696.000000 2.406551 
695.000000 2.404615 
694.000000 2.402109 
693.000000 2.398319 
692.000000 2.396526 
691.000000 2.392430 
690.000000 2.391228 
689.000000 2.389578 
688.000000 2.381448 
687.000000 2.381713 
686.000000 2.375641 
685.000000 2.368346 
684.000000 2.367450 
683.000000 2.365066 
682.000000 2.359646 
681.000000 2.357893 
680.000000 2.350864 
679.000000 2.346707 
678.000000 2.344364 
677.000000 2.338129 
676.000000 2.334951 
675.000000 2.332424 
674.000000 2.327778 
673.000000 2.329795 
672.000000 2.323764 
671.000000 2.320952 
670.000000 2.320830 
669.000000 2.316918 
668.000000 2.313149 
667.000000 2.309298 
666.000000 2.301697 
665.000000 2.301412 
664.000000 2.298376 
663.000000 2.295035 
662.000000 2.292264 
661.000000 2.286334 
660.000000 2.286375 
659.000000 2.280629 
658.000000 2.278041 
657.000000 2.274659 
656.000000 2.267365 
655.000000 2.264736 
654.000000 2.256260 
653.000000 2.250942 
652.000000 2.248048 
651.000000 2.245990 
650.000000 2.242995 
649.000000 2.238349 
648.000000 2.234010 
647.000000 2.231116 
646.000000 2.225024 
645.000000 2.222986 
644.000000 2.217994 
643.000000 2.215794 
642.000000 2.211474 
641.000000 2.206686 
640.000000 2.206665 
639.000000 2.199351 
638.000000 2.197721 
637.000000 2.196620 
636.000000 2.190752 
635.000000 2.187614 
634.000000 2.180340 
633.000000 2.178200 
632.000000 2.176407 
631.000000 2.171089 
630.000000 2.168013 
629.000000 2.163347 
628.000000 2.162369 
627.000000 2.155889 
626.000000 2.153811 
625.000000 2.151957 
624.000000 2.147067 
623.000000 2.144642 
622.000000 2.139018 
621.000000 2.140118 
620.000000 2.131418 
619.000000 2.131724 
618.000000 2.129951 
617.000000 2.124897 
616.000000 2.123105 
615.000000 2.118337 
614.000000 2.116768 
613.000000 2.109575 
612.000000 2.106071 
611.000000 2.104461 
610.000000 2.099102 
609.000000 2.096107 
608.000000 2.092419 
607.000000 2.090565 
606.000000 2.084248 
605.000000 2.084065 
604.000000 2.078034 
603.000000 2.075772 
602.000000 2.073021 
601.000000 2.070596 
600.000000 2.066623 
599.000000 2.061550 
598.000000 2.061346 
597.000000 2.055152 
596.000000 2.053216 
595.000000 2.048815 
594.000000 2.046166 
593.000000 2.042132 
592.000000 2.037934 
591.000000 2.036345 
590.000000 2.029988 
589.000000 2.029702 
588.000000 2.024690 
587.000000 2.022795 
586.000000 2.017599 
585.000000 2.019168 
584.000000 2.017579 
583.000000 2.017966 
582.000000 2.010712 
581.000000 2.008430 
580.000000 2.007473 
579.000000 2.002684 
578.000000 1.996714 
577.000000 1.990194 
576.000000 1.988116 
575.000000 1.982777 
574.000000 1.987321 
573.000000 1.983694 
572.000000 1.982085 
571.000000 1.975809 
570.000000 1.975198 
569.000000 1.967638 
568.000000 1.967475 
567.000000 1.960792 
566.000000 1.960201 
565.000000 1.955902 
564.000000 1.952540 
563.000000 1.946977 
562.000000 1.944329 
561.000000 1.941129 
560.000000 1.935363 
559.000000 1.935526 
558.000000 1.930555 
557.000000 1.928150 
556.000000 1.923647 
555.000000 1.918390 
554.000000 1.913337 
553.000000 1.914519 
552.000000 1.907591 
551.000000 1.907265 
550.000000 1.900786 
549.000000 1.898116 
548.000000 1.894734 
547.000000 1.892778 
546.000000 1.888356 
545.000000 1.888336 
544.000000 1.881959 
543.000000 1.881796 
542.000000 1.876396 
541.000000 1.873421 
540.000000 1.868450 
539.000000 1.866962 
538.000000 1.859932 
537.000000 1.859647 
536.000000 1.852088 
535.000000 1.851884 
534.000000 1.846525 
533.000000 1.844345 
532.000000 1.840494 
531.000000 1.837376 
530.000000 1.832262 
529.000000 1.831366 
528.000000 1.824336 
527.000000 1.823867 
526.000000 1.819650 
525.000000 1.816858 
524.000000 1.813089 
523.000000 1.809258 
522.000000 1.806039 
521.000000 1.803512 
520.000000 1.798724 
519.000000 1.798072 
518.000000 1.794710 
517.000000 1.790227 
516.000000 1.786417 
515.000000 1.781608 
514.000000 1.783014 
513.000000 1.773519 
512.000000 1.775007 
511.000000 1.766082 
510.000000 1.766551 
509.000000 1.761681 
508.000000 1.758360 
507.000000 1.755263 
506.000000 1.751778 
505.000000 1.746807 
504.000000 1.744545 
503.000000 1.737678 
502.000000 1.737169 
501.000000 1.734011 
500.000000 1.729956 
499.000000 1.729202 
498.000000 1.721296 
497.000000 1.722397 
496.000000 1.712942 
495.000000 1.714593 
494.000000 1.706789 
493.000000 1.707461 
492.000000 1.703366 
491.000000 1.701185 
490.000000 1.697864 
489.000000 1.693382 
488.000000 1.693117 
487.000000 1.684233 
486.000000 1.685252 
485.000000 1.679302 
484.000000 1.679934 
483.000000 1.675125 
482.000000 1.671804 
481.000000 1.666730 
480.000000 1.664530 
479.000000 1.664142 
478.000000 1.653914 
477.000000 1.656339 
476.000000 1.648800 
475.000000 1.650328 
474.000000 1.645315 
473.000000 1.641913 
472.000000 1.637715 
471.000000 1.634598 
470.000000 1.633477 
469.000000 1.622372 
468.000000 1.625877 
467.000000 1.616606 
466.000000 1.617217 
465.000000 1.612653 
464.000000 1.609434 
463.000000 1.607417 
462.000000 1.602649 
461.000000 1.603301 
460.000000 1.595986 
459.000000 1.595436 
458.000000 1.588732 
457.000000 1.587713 
456.000000 1.584738 
455.000000 1.580174 
454.000000 1.577974 
453.000000 1.573369 
452.000000 1.568581 
451.000000 1.566788 
450.000000 1.561979 
449.000000 1.562101 
448.000000 1.553706 
447.000000 1.553034 
446.000000 1.549489 
445.000000 1.545536 
444.000000 1.542439 
443.000000 1.536204 
442.000000 1.536306 
441.000000 1.527829 
440.000000 1.527666 
439.000000 1.525384 
438.000000 1.515930 
437.000000 1.519027 
436.000000 1.512588 
435.000000 1.511345 
434.000000 1.508126 
433.000000 1.503052 
432.000000 1.503358 
431.000000 1.493761 
430.000000 1.492620 
429.000000 1.488300 
428.000000 1.485203 
427.000000 1.484939 
426.000000 1.480537 
425.000000 1.478826 
424.000000 1.474465 
423.000000 1.467599 
422.000000 1.467395 
421.000000 1.461568 
420.000000 1.460773 
419.000000 1.458858 
418.000000 1.450218 
417.000000 1.451217 
416.000000 1.447651 
415.000000 1.445797 
414.000000 1.444004 
413.000000 1.438360 
412.000000 1.434937 
411.000000 1.432390 
410.000000 1.425462 
409.000000 1.426705 
408.000000 1.416721 
407.000000 1.416497 
406.000000 1.413298 
405.000000 1.407592 
404.000000 1.405657 
403.000000 1.401113 
402.000000 1.398179 
401.000000 1.398322 
400.000000 1.389315 
399.000000 1.388704 
398.000000 1.385831 
397.000000 1.377436 
396.000000 1.377701 
395.000000 1.373667 
394.000000 1.370325 
393.000000 1.368104 
392.000000 1.363418 
391.000000 1.359811 
390.000000 1.359669 
389.000000 1.351926 
388.000000 1.351804 
387.000000 1.349664 
386.000000 1.340638 
385.000000 1.342085 
384.000000 1.339130 
383.000000 1.332793 
382.000000 1.331245 
381.000000 1.326497 
380.000000 1.321852 
379.000000 1.323054 
378.000000 1.314924 
377.000000 1.313477 
376.000000 1.312866 
375.000000 1.302800 
374.000000 1.304451 
373.000000 1.299887 
372.000000 1.294772 
371.000000 1.292796 
370.000000 1.291308 
369.000000 1.282567 
368.000000 1.280530 
367.000000 1.279450 
366.000000 1.270077 
365.000000 1.270851 
364.000000 1.269364 
363.000000 1.263720 
362.000000 1.265391 
361.000000 1.261845 
360.000000 1.257485 
359.000000 1.251494 
358.000000 1.249457 
357.000000 1.242529 
356.000000 1.240227 
355.000000 1.239371 
354.000000 1.228938 
353.000000 1.230670 
352.000000 1.227960 
351.000000 1.218343 
350.000000 1.219525 
349.000000 1.216917 
348.000000 1.212271 
347.000000 1.209806 
346.000000 1.208298 
345.000000 1.201146 
344.000000 1.198110 
343.000000 1.197886 
342.000000 1.186598 
341.000000 1.188330 
340.000000 1.188065 
339.000000 1.177123 
338.000000 1.179874 
337.000000 1.177123 
336.000000 1.170012 
335.000000 1.168423 
334.000000 1.166487 
333.000000 1.164409 
332.000000 1.154954 
331.000000 1.153875 
330.000000 1.153793 
329.000000 1.143748 
328.000000 1.145256 
327.000000 1.143748 
326.000000 1.133866 
325.000000 1.134925 
324.000000 1.131930 
323.000000 1.126204 
322.000000 1.123719 
321.000000 1.120173 
320.000000 1.119032 
319.000000 1.111738 
318.000000 1.108722 
317.000000 1.109048 
316.000000 1.099736 
315.000000 1.099675 
314.000000 1.098575 
313.000000 1.093603 
312.000000 1.086350 
311.000000 1.088183 
310.000000 1.085127 
309.000000 1.078220 
308.000000 1.076773 
307.000000 1.073920 
306.000000 1.070619 
305.000000 1.064548 
304.000000 1.062245 
303.000000 1.062286 
302.000000 1.050427 
301.000000 1.051955 
300.000000 1.051038 
299.000000 1.045130 
298.000000 1.036612 
297.000000 1.039037 
296.000000 1.036225 
295.000000 1.028890 
294.000000 1.028238 
293.000000 1.024998 
292.000000 1.023266 
291.000000 1.015096 
290.000000 1.011734 
289.000000 1.012732 
288.000000 1.008474 
287.000000 0.998490 
286.000000 1.000323 
285.000000 0.998856 
284.000000 0.987915 
283.000000 0.990584 
282.000000 0.987609 
281.000000 0.983697 
280.000000 0.978195 
279.000000 0.975974 
278.000000 0.973815 
277.000000 0.971859 
276.000000 0.963871 
275.000000 0.960061 
274.000000 0.960672 
273.000000 0.957820 
272.000000 0.945370 
271.000000 0.947428 
270.000000 0.946532 
269.000000 0.941641 
268.000000 0.931005 
267.000000 0.935366 
266.000000 0.931780 
265.000000 0.927766 
264.000000 0.921836 
263.000000 0.920614 
262.000000 0.917435 
261.000000 0.915540 
260.000000 0.907207 
259.000000 0.904436 
258.000000 0.903519 
257.000000 0.901950 
256.000000 0.889969 
255.000000 0.891497 
254.000000 0.889867 
253.000000 0.886933 
252.000000 0.875359 
251.000000 0.878844 
250.000000 0.875094 
249.000000 0.872385 
248.000000 0.867943 
247.000000 0.862665 
246.000000 0.859752 
245.000000 0.858407 
244.000000 0.856695 
243.000000 0.848484 
242.000000 0.844368 
241.000000 0.843920 
240.000000 0.843023 
239.000000 0.832896 
238.000000 0.830533 
237.000000 0.828944 
236.000000 0.828556 
235.000000 0.822994 
234.000000 0.811624 
233.000000 0.815618 
232.000000 0.813254 
231.000000 0.809689 
230.000000 0.804452 
229.000000 0.799215 
228.000000 0.796485 
227.000000 0.795364 
226.000000 0.792369 
225.000000 0.784097 
224.000000 0.783567 
223.000000 0.778351 
222.000000 0.779186 
221.000000 0.776252 
220.000000 0.761745 
219.000000 0.765596 
218.000000 0.763762 
217.000000 0.762030 
216.000000 0.756753 
215.000000 0.742530 
214.000000 0.750905 
213.000000 0.746993 
212.000000 0.743407 
211.000000 0.739209 
210.000000 0.731364 
209.000000 0.733198 
208.000000 0.727615 
207.000000 0.725231 
206.000000 0.723826 
205.000000 0.713923 
204.000000 0.714636 
203.000000 0.708646 
202.000000 0.708788 
201.000000 0.707668 
200.000000 0.701840 
199.000000 0.695646 
198.000000 0.693710 
197.000000 0.691836 
196.000000 0.688800 
195.000000 0.683380 
194.000000 0.669973 
193.000000 0.675820 
192.000000 0.672683 
191.000000 0.670136 
190.000000 0.665001 
189.000000 0.661313 
188.000000 0.656851 
187.000000 0.653550 
186.000000 0.650392 
185.000000 0.648639 
184.000000 0.646031 
183.000000 0.638187 
182.000000 0.637698 
181.000000 0.628814 
180.000000 0.630118 
179.000000 0.628977 
178.000000 0.624963 
177.000000 0.611168 
176.000000 0.614225 
175.000000 0.609966 
174.000000 0.610618 
173.000000 0.607256 
172.000000 0.601938 
171.000000 0.589529 
170.000000 0.590528 
169.000000 0.591180 
168.000000 0.588001 
167.000000 0.584476 
166.000000 0.580177 
165.000000 0.576020 
164.000000 0.567870 
163.000000 0.569785 
162.000000 0.563489 
161.000000 0.563245 
160.000000 0.558762 
159.000000 0.557173 
158.000000 0.550001 
157.000000 0.543542 
156.000000 0.545824 
155.000000 0.542197 
154.000000 0.542197 
153.000000 0.539120 
152.000000 0.535880 
151.000000 0.523003 
150.000000 0.517726 
149.000000 0.517909 
148.000000 0.515443 
147.000000 0.514160 
146.000000 0.510879 
145.000000 0.505847 
144.000000 0.501568 
143.000000 0.486591 
142.000000 0.495292 
141.000000 0.491237 
140.000000 0.488344 
139.000000 0.485247 
138.000000 0.480907 
137.000000 0.478930 
136.000000 0.474325 
135.000000 0.467866 
134.000000 0.468885 
133.000000 0.460979 
132.000000 0.461020 
131.000000 0.457088 
130.000000 0.453542 
129.000000 0.450343 
128.000000 0.446329 
127.000000 0.433289 
126.000000 0.440176 
125.000000 0.432677 
124.000000 0.429254 
123.000000 0.428928 
122.000000 0.426870 
121.000000 0.424364 
120.000000 0.419902 
119.000000 0.408899 
118.000000 0.402970 
117.000000 0.406311 
116.000000 0.401543 
115.000000 0.398711 
114.000000 0.397998 
113.000000 0.394127 
112.000000 0.390439 
111.000000 0.385324 
110.000000 0.380821 
109.000000 0.359121 
108.000000 0.373751 
107.000000 0.372080 
106.000000 0.368555 
105.000000 0.364806 
104.000000 0.362830 
103.000000 0.358673 
102.000000 0.354476 
101.000000 0.349708 
100.000000 0.346183 
99.000000 0.337360 
98.000000 0.336525 
97.000000 0.334752 
96.000000 0.331533 
95.000000 0.324911 
94.000000 0.323525 
93.000000 0.323138 
92.000000 0.319715 
91.000000 0.314926 
90.000000 0.311646 
89.000000 0.308467 
88.000000 0.303964 
87.000000 0.288255 
86.000000 0.296772 
85.000000 0.290455 
84.000000 0.283813 
83.000000 0.279269 
82.000000 0.279269 
81.000000 0.278291 
80.000000 0.276315 
79.000000 0.273116 
78.000000 0.270467 
77.000000 0.267329 
76.000000 0.263661 
75.000000 0.259627 
74.000000 0.247809 
73.000000 0.228289 
72.000000 0.246179 
71.000000 0.240657 
70.000000 0.236378 
69.000000 0.231977 
68.000000 0.231244 
67.000000 0.229552 
66.000000 0.225457 
65.000000 0.223175 
64.000000 0.220139 
63.000000 0.215941 
62.000000 0.210847 
61.000000 0.205305 
60.000000 0.200619 
59.000000 0.195790 
58.000000 0.193304 
57.000000 0.178246 
56.000000 0.141468 
55.000000 0.168242 
54.000000 0.178369 
53.000000 0.175496 
52.000000 0.171258 
51.000000 0.164472 
50.000000 0.158767 
49.000000 0.156872 
48.000000 0.153796 
47.000000 0.148457 
46.000000 0.145156 
45.000000 0.142018 
44.000000 0.138066 
43.000000 0.132707 
42.000000 0.128224 
41.000000 0.124597 
40.000000 0.120869 
39.000000 0.115408 
38.000000 0.111109 
37.000000 0.106300 
36.000000 0.099759 
35.000000 0.095480 
34.000000 0.093891 
33.000000 0.087575 
32.000000 0.085374 
31.000000 0.081666 
30.000000 0.078996 
29.000000 0.076511 
28.000000 0.071722 
27.000000 0.061372 
26.000000 0.049452 
25.000000 0.039284 
24.000000 0.030604 
23.000000 0.025877 
22.000000 0.025694 
21.000000 0.025470 
20.000000 0.025347 
19.000000 0.025490 
18.000000 0.023615 
17.000000 0.020905 
16.000000 0.016790 
15.000000 0.012816 
14.000000 0.010432 
13.000000 0.006011 
12.000000 0.000102 
11.000000 0.000000 
10.000000 0.000000 
9.000000 0.000000 
8.000000 0.000000 
7.000000 0.000000 
6.000000 0.000000 
5.000000 0.000000 
4.000000 0.000000 
3.000000 0.000000 
2.000000 0.000000 
1.000000 0.000000 
0.000000 0.000000 
-1.000000 0.000000 
-2.000000 0.000000 
-3.000000 0.000000 
-4.000000 0.000000 
-5.000000 0.000000 
-6.000000 0.000000 
-7.000000 0.000000 
-8.000000 0.000000 
-9.000000 0.000000 
-10.000000 0.000000 
-11.000000 0.000000 
-12.000000 -0.003484 
-13.000000 -0.004177 
-14.000000 -0.004197 
-15.000000 -0.003586 
-16.000000 -0.007213 
-17.000000 -0.012633 
-18.000000 -0.016627 
-19.000000 -0.019785 
-20.000000 -0.022046 
-21.000000 -0.025673 
-22.000000 -0.029647 
-23.000000 -0.033885 
-24.000000 -0.044786 
-25.000000 -0.048840 
-26.000000 -0.051795 
-27.000000 -0.056706 
-28.000000 -0.061209 
-29.000000 -0.064876 
-30.000000 -0.067892 
-31.000000 -0.070174 
-32.000000 -0.071580 
-33.000000 -0.077468 
-34.000000 -0.086352 
-35.000000 -0.090264 
-36.000000 -0.094869 
-37.000000 -0.098700 
-38.000000 -0.104059 
-39.000000 -0.107543 
-40.000000 -0.111536 
-41.000000 -0.114491 
-42.000000 -0.118892 
-43.000000 -0.125046 
-44.000000 -0.129875 
-45.000000 -0.134744 
-46.000000 -0.138942 
-47.000000 -0.140450 
-48.000000 -0.140429 
-49.000000 -0.137067 
-50.000000 -0.145136 
-51.000000 -0.153001 
-52.000000 -0.158441 
-53.000000 -0.162720 
-54.000000 -0.164595 
-55.000000 -0.167142 
-56.000000 -0.165695 
-57.000000 -0.165817 
-58.000000 -0.182220 
-59.000000 -0.186600 
-60.000000 -0.187680 
-61.000000 -0.196646 
-62.000000 -0.200965 
-63.000000 -0.206243 
-64.000000 -0.209584 
-65.000000 -0.212702 
-66.000000 -0.216084 
-67.000000 -0.220139 
-68.000000 -0.222523 
-69.000000 -0.218305 
-70.000000 -0.223358 
-71.000000 -0.229838 
-72.000000 -0.235359 
-73.000000 -0.237764 
-74.000000 -0.237112 
-75.000000 -0.242898 
-76.000000 -0.251803 
-77.000000 -0.255002 
-78.000000 -0.259097 
-79.000000 -0.263009 
-80.000000 -0.266493 
-81.000000 -0.268735 
-82.000000 -0.272423 
-83.000000 -0.275499 
-84.000000 -0.268287 
-85.000000 -0.278861 
-86.000000 -0.284628 
-87.000000 -0.289681 
-88.000000 -0.290415 
-89.000000 -0.293226 
-90.000000 -0.300276 
-91.000000 -0.302742 
-92.000000 -0.305819 
-93.000000 -0.309445 
-94.000000 -0.312502 
-95.000000 -0.315619 
-96.000000 -0.318411 
-97.000000 -0.316984 
-98.000000 -0.325970 
-99.000000 -0.331084 
-100.000000 -0.331961 
-101.000000 -0.333428 
-102.000000 -0.340335 
-103.000000 -0.343391 
-104.000000 -0.348465 
-105.000000 -0.352642 
-106.000000 -0.356167 
-107.000000 -0.357838 
-108.000000 -0.357552 
-109.000000 -0.363502 
-110.000000 -0.366334 
-111.000000 -0.366395 
-112.000000 -0.373486 
-113.000000 -0.378621 
-114.000000 -0.383817 
-115.000000 -0.387688 
-116.000000 -0.391091 
-117.000000 -0.391620 
-118.000000 -0.390887 
-119.000000 -0.398426 
-120.000000 -0.399669 
-121.000000 -0.403989 
-122.000000 -0.411752 
-123.000000 -0.415623 
-124.000000 -0.418516 
-125.000000 -0.421776 
-126.000000 -0.424303 
-127.000000 -0.419087 
-128.000000 -0.430640 
-129.000000 -0.433309 
-130.000000 -0.436814 
-131.000000 -0.442111 
-132.000000 -0.445983 
-133.000000 -0.448998 
-134.000000 -0.453542 
-135.000000 -0.450058 
-136.000000 -0.458901 
-137.000000 -0.461835 
-138.000000 -0.462039 
-139.000000 -0.468172 
-140.000000 -0.471371 
-141.000000 -0.475446 
-142.000000 -0.480153 
-143.000000 -0.478645 
-144.000000 -0.485491 
-145.000000 -0.486836 
-146.000000 -0.489811 
-147.000000 -0.497492 
-148.000000 -0.502648 
-149.000000 -0.506315 
-150.000000 -0.508842 
-151.000000 -0.506274 
-152.000000 -0.512998 
-153.000000 -0.513508 
-154.000000 -0.523145 
-155.000000 -0.526609 
-156.000000 -0.530012 
-157.000000 -0.531989 
-158.000000 -0.528749 
-159.000000 -0.536675 
-160.000000 -0.538427 
-161.000000 -0.544968 
-162.000000 -0.548737 
-163.000000 -0.552079 
-164.000000 -0.555339 
-165.000000 -0.554728 
-166.000000 -0.561105 
-167.000000 -0.561737 
-168.000000 -0.567524 
-169.000000 -0.572414 
-170.000000 -0.576102 
-171.000000 -0.577060 
-172.000000 -0.580422 
-173.000000 -0.580360 
-174.000000 -0.585393 
-175.000000 -0.592525 
-176.000000 -0.597578 
-177.000000 -0.600838 
-178.000000 -0.598515 
-179.000000 -0.603833 
-180.000000 -0.606462 
-181.000000 -0.614490 
-182.000000 -0.618280 
-183.000000 -0.621152 
-184.000000 -0.618483 
-185.000000 -0.626654 
-186.000000 -0.628101 
-187.000000 -0.633561 
-188.000000 -0.637270 
-189.000000 -0.640754 
-190.000000 -0.640326 
-191.000000 -0.647641 
-192.000000 -0.648395 
-193.000000 -0.653774 
-194.000000 -0.658970 
-195.000000 -0.661354 
-196.000000 -0.661904 
-197.000000 -0.664451 
-198.000000 -0.669789 
-199.000000 -0.675963 
-200.000000 -0.680731 
-201.000000 -0.678612 
-202.000000 -0.683971 
-203.000000 -0.685825 
-204.000000 -0.694281 
-205.000000 -0.697378 
-206.000000 -0.698743 
-207.000000 -0.698009 
-208.000000 -0.705243 
-209.000000 -0.709216 
-210.000000 -0.712945 
-211.000000 -0.716857 
-212.000000 -0.714269 
-213.000000 -0.720606 
-214.000000 -0.722725 
-215.000000 -0.727615 
-216.000000 -0.732628 
-217.000000 -0.731894 
-218.000000 -0.735562 
-219.000000 -0.738924 
-220.000000 -0.745872 
-221.000000 -0.750457 
-222.000000 -0.747930 
-223.000000 -0.751740 
-224.000000 -0.757405 
-225.000000 -0.763477 
-226.000000 -0.766349 
-227.000000 -0.764108 
-228.000000 -0.771077 
-229.000000 -0.775172 
-230.000000 -0.780062 
-231.000000 -0.783485 
-232.000000 -0.783832 
-233.000000 -0.787296 
-234.000000 -0.792634 
-235.000000 -0.797810 
-236.000000 -0.801335 
-237.000000 -0.801559 
-238.000000 -0.802048 
-239.000000 -0.811176 
-240.000000 -0.816392 
-241.000000 -0.815353 
-242.000000 -0.817859 
-243.000000 -0.822281 
-244.000000 -0.829147 
-245.000000 -0.831674 
-246.000000 -0.830553 
-247.000000 -0.837074 
-248.000000 -0.843370 
-249.000000 -0.846283 
-250.000000 -0.846956 
-251.000000 -0.853598 
-252.000000 -0.854454 
-253.000000 -0.859670 
-254.000000 -0.863297 
-255.000000 -0.863990 
-256.000000 -0.864907 
-257.000000 -0.873057 
-258.000000 -0.877988 
-259.000000 -0.875543 
-260.000000 -0.879312 
-261.000000 -0.887320 
-262.000000 -0.890437 
-263.000000 -0.888746 
-264.000000 -0.895694 
-265.000000 -0.898730 
-266.000000 -0.903030 
-267.000000 -0.903885 
-268.000000 -0.908939 
-269.000000 -0.910528 
-270.000000 -0.916804 
-271.000000 -0.918169 
-272.000000 -0.920553 
-273.000000 -0.923609 
-274.000000 -0.931413 
-275.000000 -0.931922 
-276.000000 -0.933940 
-277.000000 -0.938626 
-278.000000 -0.944800 
-279.000000 -0.944290 
-280.000000 -0.948590 
-281.000000 -0.952379 
-282.000000 -0.957005 
-283.000000 -0.958879 
-284.000000 -0.963158 
-285.000000 -0.965440 
-286.000000 -0.971471 
-287.000000 -0.973081 
-288.000000 -0.972776 
-289.000000 -0.980355 
-290.000000 -0.986590 
-291.000000 -0.985531 
-292.000000 -0.987263 
-293.000000 -0.997145 
-294.000000 -0.999773 
-295.000000 -0.998591 
-296.000000 -1.003869 
-297.000000 -1.009696 
-298.000000 -1.010858 
-299.000000 -1.016542 
-300.000000 -1.017480 
-301.000000 -1.024285 
-302.000000 -1.025365 
-303.000000 -1.025915 
-304.000000 -1.033189 
-305.000000 -1.037978 
-306.000000 -1.035899 
-307.000000 -1.040219 
-308.000000 -1.048369 
-309.000000 -1.046943 
-310.000000 -1.052322 
-311.000000 -1.054604 
-312.000000 -1.059352 
-313.000000 -1.061308 
-314.000000 -1.065342 
-315.000000 -1.069641 
-316.000000 -1.073024 
-317.000000 -1.073411 
-318.000000 -1.077343 
-319.000000 -1.085555 
-320.000000 -1.083273 
-321.000000 -1.087266 
-322.000000 -1.095335 
-323.000000 -1.093868 
-324.000000 -1.098208 
-325.000000 -1.102385 
-326.000000 -1.106990 
-327.000000 -1.108579 
-328.000000 -1.111738 
-329.000000 -1.118156 
-330.000000 -1.120193 
-331.000000 -1.120886 
-332.000000 -1.128873 
-333.000000 -1.131156 
-334.000000 -1.131685 
-335.000000 -1.140223 
-336.000000 -1.143605 
-337.000000 -1.143320 
-338.000000 -1.148271 
-339.000000 -1.152856 
-340.000000 -1.154160 
-341.000000 -1.158011 
-342.000000 -1.163431 
-343.000000 -1.165774 
-344.000000 -1.166630 
-345.000000 -1.176329 
-346.000000 -1.176206 
-347.000000 -1.178977 
-348.000000 -1.186252 
-349.000000 -1.187637 
-350.000000 -1.189613 
-351.000000 -1.195196 
-352.000000 -1.199801 
-353.000000 -1.201228 
-354.000000 -1.202756 
-355.000000 -1.209846 
-356.000000 -1.209541 
-357.000000 -1.211354 
-358.000000 -1.221766 
-359.000000 -1.219973 
-360.000000 -1.223885 
-361.000000 -1.231547 
-362.000000 -1.230711 
-363.000000 -1.235500 
-364.000000 -1.240369 
-365.000000 -1.242081 
-366.000000 -1.245585 
-367.000000 -1.251474 
-368.000000 -1.252941 
-369.000000 -1.253960 
-370.000000 -1.262355 
-371.000000 -1.261315 
-372.000000 -1.265228 
-373.000000 -1.272542 
-374.000000 -1.272013 
-375.000000 -1.277310 
-376.000000 -1.282139 
-377.000000 -1.282975 
-378.000000 -1.286724 
-379.000000 -1.293183 
-380.000000 -1.292266 
-381.000000 -1.296708 
-382.000000 -1.304390 
-383.000000 -1.301272 
-384.000000 -1.309422 
-385.000000 -1.310217 
-386.000000 -1.315392 
-387.000000 -1.318367 
-388.000000 -1.319182 
-389.000000 -1.324093 
-390.000000 -1.327088 
-391.000000 -1.329003 
-392.000000 -1.329818 
-393.000000 -1.339252 
-394.000000 -1.338091 
-395.000000 -1.342594 
-396.000000 -1.350622 
-397.000000 -1.349135 
-398.000000 -1.353699 
-399.000000 -1.357998 
-400.000000 -1.360219 
-401.000000 -1.364274 
-402.000000 -1.368838 
-403.000000 -1.368797 
-404.000000 -1.377172 
-405.000000 -1.375847 
-406.000000 -1.380065 
-407.000000 -1.386728 
-408.000000 -1.386157 
-409.000000 -1.392168 
-410.000000 -1.393900 
-411.000000 -1.397873 
-412.000000 -1.404434 
-413.000000 -1.405922 
-414.000000 -1.408183 
-415.000000 -1.415743 
-416.000000 -1.412829 
-417.000000 -1.421896 
-418.000000 -1.421285 
-419.000000 -1.427092 
-420.000000 -1.430882 
-421.000000 -1.432817 
-422.000000 -1.436444 
-423.000000 -1.442618 
-424.000000 -1.441599 
-425.000000 -1.447997 
-426.000000 -1.449811 
-427.000000 -1.452623 
-428.000000 -1.460182 
-429.000000 -1.458939 
-430.000000 -1.464176 
-431.000000 -1.467110 
-432.000000 -1.469636 
-433.000000 -1.476055 
-434.000000 -1.476095 
-435.000000 -1.479743 
-436.000000 -1.484225 
-437.000000 -1.485427 
-438.000000 -1.493007 
-439.000000 -1.492090 
-440.000000 -1.496532 
-441.000000 -1.499772 
-442.000000 -1.503175 
-443.000000 -1.508595 
-444.000000 -1.509104 
-445.000000 -1.514809 
-446.000000 -1.518314 
-447.000000 -1.520046 
-448.000000 -1.526118 
-449.000000 -1.526118 
-450.000000 -1.532373 
-451.000000 -1.533942 
-452.000000 -1.537813 
-453.000000 -1.545210 
-454.000000 -1.544639 
-455.000000 -1.551383 
-456.000000 -1.553951 
-457.000000 -1.558087 
-458.000000 -1.560899 
-459.000000 -1.563222 
-460.000000 -1.568866 
-461.000000 -1.571596 
-462.000000 -1.574653 
-463.000000 -1.579420 
-464.000000 -1.579115 
-465.000000 -1.588121 
-466.000000 -1.584738 
-467.000000 -1.595354 
-468.000000 -1.594641 
-469.000000 -1.598838 
-470.000000 -1.601874 
-471.000000 -1.605440 
-472.000000 -1.612185 
-473.000000 -1.610228 
-474.000000 -1.619051 
-475.000000 -1.619010 
-476.000000 -1.624593 
-477.000000 -1.625144 
-478.000000 -1.630217 
-479.000000 -1.634353 
-480.000000 -1.636065 
-481.000000 -1.642972 
-482.000000 -1.643563 
-483.000000 -1.649452 
-484.000000 -1.652814 
-485.000000 -1.655422 
-486.000000 -1.658743 
-487.000000 -1.662574 
-488.000000 -1.667382 
-489.000000 -1.667953 
-490.000000 -1.673902 
-491.000000 -1.675634 
-492.000000 -1.679974 
-493.000000 -1.682277 
-494.000000 -1.686311 
-495.000000 -1.690937 
-496.000000 -1.693932 
-497.000000 -1.697498 
-498.000000 -1.700391 
-499.000000 -1.705913 
-500.000000 -1.705037 
-501.000000 -1.712250 
-502.000000 -1.712433 
-503.000000 -1.719361 
-504.000000 -1.721011 
-505.000000 -1.725983 
-506.000000 -1.728489 
-507.000000 -1.732564 
-508.000000 -1.737271 
-509.000000 -1.737923 
-510.000000 -1.745503 
-511.000000 -1.743404 
-512.000000 -1.751778 
-513.000000 -1.750902 
-514.000000 -1.757504 
-515.000000 -1.759806 
-516.000000 -1.764289 
-517.000000 -1.766795 
-518.000000 -1.770544 
-519.000000 -1.773315 
-520.000000 -1.777126 
-521.000000 -1.780956 
-522.000000 -1.784603 
-523.000000 -1.787741 
-524.000000 -1.791042 
-525.000000 -1.795545 
-526.000000 -1.795158 
-527.000000 -1.802004 
-528.000000 -1.803777 
-529.000000 -1.809034 
-530.000000 -1.811275 
-531.000000 -1.817347 
-532.000000 -1.817123 
-533.000000 -1.824438 
-534.000000 -1.823256 
-535.000000 -1.831712 
-536.000000 -1.830327 
-537.000000 -1.839455 
-538.000000 -1.836806 
-539.000000 -1.842572 
-540.000000 -1.844875 
-541.000000 -1.849724 
-542.000000 -1.851538 
-543.000000 -1.858180 
-544.000000 -1.858099 
-545.000000 -1.865902 
-546.000000 -1.866106 
-547.000000 -1.871669 
-548.000000 -1.873217 
-549.000000 -1.878800 
-550.000000 -1.879086 
-551.000000 -1.887195 
-552.000000 -1.885484 
-553.000000 -1.894958 
-554.000000 -1.894775 
-555.000000 -1.900643 
-556.000000 -1.901438 
-557.000000 -1.907734 
-558.000000 -1.906470 
-559.000000 -1.916292 
-560.000000 -1.915171 
-561.000000 -1.922404 
-562.000000 -1.921650 
-563.000000 -1.928334 
-564.000000 -1.930086 
-565.000000 -1.935669 
-566.000000 -1.937441 
-567.000000 -1.942922 
-568.000000 -1.943534 
-569.000000 -1.948444 
-570.000000 -1.952397 
-571.000000 -1.955148 
-572.000000 -1.960323 
-573.000000 -1.963563 
-574.000000 -1.965601 
-575.000000 -1.969696 
-576.000000 -1.974260 
-577.000000 -1.976440 
-578.000000 -1.981412 
-579.000000 -1.984611 
-580.000000 -1.989257 
-581.000000 -1.989379 
-582.000000 -1.997489 
-583.000000 -1.996816 
-584.000000 -2.004478 
-585.000000 -2.007025 
-586.000000 -2.010998 
-587.000000 -2.012892 
-588.000000 -2.016907 
-589.000000 -2.018455 
-590.000000 -2.023141 
-591.000000 -2.028684 
-592.000000 -2.030090 
-593.000000 -2.036345 
-594.000000 -2.038362 
-595.000000 -2.042967 
-596.000000 -2.043945 
-597.000000 -2.050914 
-598.000000 -2.052320 
-599.000000 -2.055906 
-600.000000 -2.061509 
-601.000000 -2.063506 
-602.000000 -2.066195 
-603.000000 -2.070128 
-604.000000 -2.074672 
-605.000000 -2.075691 
-606.000000 -2.081763 
-607.000000 -2.084758 
-608.000000 -2.088751 
-609.000000 -2.091115 
-610.000000 -2.096433 
-611.000000 -2.098470 
-612.000000 -2.100732 
-613.000000 -2.107925 
-614.000000 -2.108658 
-615.000000 -2.112815 
-616.000000 -2.115912 
-617.000000 -2.121719 
-618.000000 -2.124938 
-619.000000 -2.127791 
-620.000000 -2.133741 
-621.000000 -2.133741 
-622.000000 -2.137999 
-623.000000 -2.142339 
-624.000000 -2.146190 
-625.000000 -2.147902 
-626.000000 -2.150469 
-627.000000 -2.155909 
-628.000000 -2.156684 
-629.000000 -2.162328 
-630.000000 -2.165017 
-631.000000 -2.169602 
-632.000000 -2.173270 
-633.000000 -2.174839 
-634.000000 -2.182214 
-635.000000 -2.181420 
-636.000000 -2.186351 
-637.000000 -2.189305 
-638.000000 -2.191608 
-639.000000 -2.196376 
-640.000000 -2.195825 
-641.000000 -2.202060 
-642.000000 -2.203874 
-643.000000 -2.208845 
-644.000000 -2.213084 
-645.000000 -2.213471 
-646.000000 -2.218972 
-647.000000 -2.222681 
-648.000000 -2.226695 
-649.000000 -2.230810 
-650.000000 -2.233174 
-651.000000 -2.238757 
-652.000000 -2.239735 
-653.000000 -2.243647 
-654.000000 -2.248415 
-655.000000 -2.248965 
-656.000000 -2.254548 
-657.000000 -2.258236 
-658.000000 -2.262311 
-659.000000 -2.264064 
-660.000000 -2.266672 
-661.000000 -2.273559 
-662.000000 -2.276065 
-663.000000 -2.278408 
-664.000000 -2.282137 
-665.000000 -2.283217 
-666.000000 -2.289819 
-667.000000 -2.292141 
-668.000000 -2.295870 
-669.000000 -2.300088 
-670.000000 -2.301616 
-671.000000 -2.306302 
-672.000000 -2.309766 
-673.000000 -2.311641 
-674.000000 -2.318507 
-675.000000 -2.319628 
-676.000000 -2.322379 
-677.000000 -2.327717 
-678.000000 -2.330488 
-679.000000 -2.335460 
-680.000000 -2.338414 
-681.000000 -2.338741 
-682.000000 -2.344527 
-683.000000 -2.344690 
-684.000000 -2.351292 
-685.000000 -2.353452 
-686.000000 -2.354532 
-687.000000 -2.360114 
-688.000000 -2.362743 
-689.000000 -2.365433 
-690.000000 -2.370160 
-691.000000 -2.374031 
-692.000000 -2.378514 
-693.000000 -2.383363 
-694.000000 -2.384239 
-695.000000 -2.389456 
-696.000000 -2.392960 
-697.000000 -2.394264 
-698.000000 -2.400621 
-699.000000 -2.403535 
-700.000000 -2.406102 
-701.000000 -2.409974 
-702.000000 -2.415516 
-703.000000 -2.417472 
-704.000000 -2.421180 
-705.000000 -2.422810 
-706.000000 -2.428801 
-707.000000 -2.432387 
-708.000000 -2.433671 
-709.000000 -2.439396 
-710.000000 -2.443777 
-711.000000 -2.443879 
-712.000000 -2.449380 
-713.000000 -2.452702 
-714.000000 -2.455432 
-715.000000 -2.459161 
-716.000000 -2.462360 
-717.000000 -2.464764 
-718.000000 -2.470510 
-719.000000 -2.474504 
-720.000000 -2.476501 
-721.000000 -2.481492 
-722.000000 -2.483367 
-723.000000 -2.484834 
-724.000000 -2.489948 
-725.000000 -2.492944 
-726.000000 -2.496265 
-727.000000 -2.500319 
-728.000000 -2.501685 
-729.000000 -2.504048 
-730.000000 -2.510100 
-731.000000 -2.513625 
-732.000000 -2.515927 
-733.000000 -2.521327 
-734.000000 -2.524750 
-735.000000 -2.526400 
-736.000000 -2.532207 
-737.000000 -2.535569 
-738.000000 -2.536568 
-739.000000 -2.542844 
-740.000000 -2.544983 
-741.000000 -2.547082 
-742.000000 -2.552848 
-743.000000 -2.557025 
-744.000000 -2.559083 
-745.000000 -2.565318 
-746.000000 -2.568272 
-747.000000 -2.569800 
-748.000000 -2.572999 
-749.000000 -2.576708 
-750.000000 -2.579499 
-751.000000 -2.581252 
-752.000000 -2.589076 
-753.000000 -2.591541 
-754.000000 -2.592377 
-755.000000 -2.598062 
-756.000000 -2.601729 
-757.000000 -2.602076 
-758.000000 -2.609166 
-759.000000 -2.614301 
-760.000000 -2.614321 
-761.000000 -2.620149 
-762.000000 -2.623674 
-763.000000 -2.628014 
-764.000000 -2.630500 
-765.000000 -2.635329 
-766.000000 -2.637529 
-767.000000 -2.639180 
-768.000000 -2.644661 
-769.000000 -2.648308 
-770.000000 -2.650244 
-771.000000 -2.653117 
-772.000000 -2.656866 
-773.000000 -2.662551 
-774.000000 -2.662999 
-775.000000 -2.671251 
-776.000000 -2.676589 
-777.000000 -2.677934 
-778.000000 -2.681806 
-779.000000 -2.686553 
-780.000000 -2.692564 
-781.000000 -2.694377 
-782.000000 -2.700144 
-783.000000 -2.703302 
-784.000000 -2.705339 
-785.000000 -2.708172 
-786.000000 -2.712960 
-787.000000 -2.716607 
-788.000000 -2.714957 
-789.000000 -2.720581 
-790.000000 -2.730463 
-789.000000 -2.732826 
-788.000000 -2.728405 
-787.000000 -2.723148 
-786.000000 -2.719827 
-785.000000 -2.714223 
-784.000000 -2.709190 
-783.000000 -2.708498 
-782.000000 -2.705014 
-781.000000 -2.698208 
-780.000000 -2.695539 
-779.000000 -2.692482 
-778.000000 -2.689467 
-777.000000 -2.685025 
-776.000000 -2.683232 
-775.000000 -2.679137 
-774.000000 -2.675020 
-773.000000 -2.671210 
-772.000000 -2.667278 
-771.000000 -2.664894 
-770.000000 -2.660615 
-769.000000 -2.657620 
-768.000000 -2.655603 
-767.000000 -2.648369 
-766.000000 -2.647778 
-765.000000 -2.645782 
-764.000000 -2.641462 
-763.000000 -2.635736 
-762.000000 -2.634778 
-761.000000 -2.630867 
-760.000000 -2.625793 
-759.000000 -2.623837 
-758.000000 -2.621188 
-757.000000 -2.616237 
-756.000000 -2.613547 
-755.000000 -2.610124 
-754.000000 -2.606049 
-753.000000 -2.598897 
-752.000000 -2.595066 
-751.000000 -2.592479 
-750.000000 -2.587201 
-749.000000 -2.586264 
-748.000000 -2.583941 
-747.000000 -2.578318 
-746.000000 -2.575139 
-745.000000 -2.571655 
-744.000000 -2.564157 
-743.000000 -2.562506 
-742.000000 -2.561284 
-741.000000 -2.556006 
-740.000000 -2.552848 
-739.000000 -2.549160 
-738.000000 -2.544616 
-737.000000 -2.540725 
-736.000000 -2.539889 
-735.000000 -2.534530 
-734.000000 -2.531841 
-733.000000 -2.528968 
-732.000000 -2.524281 
-731.000000 -2.518923 
-730.000000 -2.519045 
-729.000000 -2.514868 
-728.000000 -2.509611 
-727.000000 -2.508266 
-726.000000 -2.504660 
-725.000000 -2.499219 
-724.000000 -2.497895 
-723.000000 -2.494349 
-722.000000 -2.489541 
-721.000000 -2.486953 
-720.000000 -2.482287 
-719.000000 -2.477275 
-718.000000 -2.475787 
-717.000000 -2.470286 
-716.000000 -2.463766 
-715.000000 -2.462074 
-714.000000 -2.457306 
-713.000000 -2.452905 
-712.000000 -2.450644 
-711.000000 -2.447954 
-710.000000 -2.444042 
-709.000000 -2.440986 
-708.000000 -2.435525 
-707.000000 -2.431755 
-706.000000 -2.430105 
-705.000000 -2.423238 
-704.000000 -2.420773 
-703.000000 -2.416148 
-702.000000 -2.410626 
-701.000000 -2.410830 
-700.000000 -2.407549 
-699.000000 -2.402027 
-698.000000 -2.400030 
-697.000000 -2.397280 
-696.000000 -2.393123 
-695.000000 -2.391452 
-694.000000 -2.385808 
-693.000000 -2.383098 
-692.000000 -2.380062 
-691.000000 -2.373868 
-690.000000 -2.371423 
-689.000000 -2.368611 
-688.000000 -2.363252 
-687.000000 -2.361643 
-686.000000 -2.358688 
-685.000000 -2.355041 
-684.000000 -2.353105 
-683.000000 -2.346972 
-682.000000 -2.344507 
-681.000000 -2.342714 
-680.000000 -2.334951 
-679.000000 -2.333239 
-678.000000 -2.331670 
-677.000000 -2.327065 
-676.000000 -2.326556 
-675.000000 -2.321075 
-674.000000 -2.318344 
-673.000000 -2.315777 
-672.000000 -2.310520 
-671.000000 -2.309889 
-670.000000 -2.304448 
-669.000000 -2.300455 
-668.000000 -2.297989 
-667.000000 -2.291672 
-666.000000 -2.289248 
-665.000000 -2.283787 
-664.000000 -2.279651 
-663.000000 -2.279080 
-662.000000 -2.271969 
-661.000000 -2.271175 
-660.000000 -2.267813 
-659.000000 -2.264206 
-658.000000 -2.261395 
-657.000000 -2.255057 
-656.000000 -2.254630 
-655.000000 -2.251960 
-654.000000 -2.246663 
-653.000000 -2.244136 
-652.000000 -2.240143 
-651.000000 -2.237208 
-650.000000 -2.233113 
-649.000000 -2.227795 
-648.000000 -2.228182 
-647.000000 -2.223129 
-646.000000 -2.219889 
-645.000000 -2.217770 
-644.000000 -2.213226 
-643.000000 -2.212248 
-642.000000 -2.204526 
-641.000000 -2.203364 
-640.000000 -2.200002 
-639.000000 -2.196457 
-638.000000 -2.194093 
-637.000000 -2.188755 
-636.000000 -2.189183 
-635.000000 -2.184782 
-634.000000 -2.181664 
-633.000000 -2.178384 
-632.000000 -2.173168 
-631.000000 -2.172312 
-630.000000 -2.165669 
-629.000000 -2.164875 
-628.000000 -2.162104 
-627.000000 -2.158680 
-626.000000 -2.155767 
-625.000000 -2.150041 
-624.000000 -2.149186 
-623.000000 -2.143929 
-622.000000 -2.142462 
-621.000000 -2.138590 
-620.000000 -2.133965 
-619.000000 -2.130684 
-618.000000 -2.126039 
-617.000000 -2.124022 
-616.000000 -2.119050 
-615.000000 -2.118133 
-614.000000 -2.113915 
-613.000000 -2.109555 
-612.000000 -2.106376 
-611.000000 -2.101812 
-610.000000 -2.099326 
-609.000000 -2.092541 
-608.000000 -2.093173 
-607.000000 -2.087936 
-606.000000 -2.083882 
-605.000000 -2.081538 
-604.000000 -2.077280 
-603.000000 -2.074998 
-602.000000 -2.068518 
-601.000000 -2.070433 
-600.000000 -2.061713 
-599.000000 -2.061652 
-598.000000 -2.058779 
-597.000000 -2.054092 
-596.000000 -2.050893 
-595.000000 -2.048000 
-594.000000 -2.043640 
-593.000000 -2.039136 
-592.000000 -2.038831 
-591.000000 -2.032290 
-590.000000 -2.032066 
-589.000000 -2.026524 
-588.000000 -2.025159 
-587.000000 -2.018965 
-586.000000 -2.018292 
-585.000000 -2.013585 
-584.000000 -2.010223 
-583.000000 -2.007473 
-582.000000 -2.003418 
-581.000000 -1.999628 
-580.000000 -1.995186 
-579.000000 -1.993719 
-578.000000 -1.986180 
-577.000000 -1.988544 
-576.000000 -1.978926 
-575.000000 -1.979538 
-574.000000 -1.973629 
-573.000000 -1.972671 
-572.000000 -1.965825 
-571.000000 -1.964317 
-570.000000 -1.959977 
-569.000000 -1.955657 
-568.000000 -1.953681 
-567.000000 -1.950013 
-566.000000 -1.947038 
-565.000000 -1.943941 
-564.000000 -1.940681 
-563.000000 -1.937116 
-562.000000 -1.934854 
-561.000000 -1.929801 
-560.000000 -1.927539 
-559.000000 -1.923708 
-558.000000 -1.921671 
-557.000000 -1.916516 
-556.000000 -1.916129 
-555.000000 -1.908141 
-554.000000 -1.908793 
-553.000000 -1.901315 
-552.000000 -1.900480 
-551.000000 -1.894245 
-550.000000 -1.894856 
-549.000000 -1.886584 
-548.000000 -1.889049 
-547.000000 -1.879228 
-546.000000 -1.882081 
-545.000000 -1.873034 
-544.000000 -1.872728 
-543.000000 -1.867043 
-542.000000 -1.866432 
-541.000000 -1.859260 
-540.000000 -1.860584 
-539.000000 -1.853412 
-538.000000 -1.853596 
-537.000000 -1.846668 
-536.000000 -1.845262 
-535.000000 -1.840779 
-534.000000 -1.838619 
-533.000000 -1.831997 
-532.000000 -1.831549 
-531.000000 -1.824907 
-530.000000 -1.824886 
-529.000000 -1.819099 
-528.000000 -1.818244 
-527.000000 -1.814617 
-526.000000 -1.811153 
-525.000000 -1.807098 
-524.000000 -1.803349 
-523.000000 -1.799580 
-522.000000 -1.797685 
-521.000000 -1.792774 
-520.000000 -1.790737 
-519.000000 -1.786723 
-518.000000 -1.783666 
-517.000000 -1.781343 
-516.000000 -1.774579 
-515.000000 -1.774416 
-514.000000 -1.768140 
-513.000000 -1.768710 
-512.000000 -1.761049 
-511.000000 -1.761273 
-510.000000 -1.755222 
-509.000000 -1.754386 
-508.000000 -1.748803 
-507.000000 -1.746603 
-506.000000 -1.742018 
-505.000000 -1.739023 
-504.000000 -1.733766 
-503.000000 -1.733542 
-502.000000 -1.728407 
-501.000000 -1.725351 
-500.000000 -1.722763 
-499.000000 -1.717669 
-498.000000 -1.718974 
-497.000000 -1.708317 
-496.000000 -1.710029 
-495.000000 -1.701899 
-494.000000 -1.700758 
-493.000000 -1.697192 
-492.000000 -1.693280 
-491.000000 -1.690916 
-490.000000 -1.684661 
-489.000000 -1.686006 
-488.000000 -1.678304 
-487.000000 -1.680688 
-486.000000 -1.671722 
-485.000000 -1.671519 
-484.000000 -1.667545 
-483.000000 -1.663552 
-482.000000 -1.661351 
-481.000000 -1.655320 
-480.000000 -1.655300 
-479.000000 -1.648657 
-478.000000 -1.648412 
-477.000000 -1.640221 
-476.000000 -1.638510 
-475.000000 -1.634150 
-474.000000 -1.632010 
-473.000000 -1.629096 
-472.000000 -1.623228 
-471.000000 -1.624695 
-470.000000 -1.615404 
-469.000000 -1.617340 
-468.000000 -1.609801 
-467.000000 -1.608191 
-466.000000 -1.603525 
-465.000000 -1.600917 
-464.000000 -1.598981 
-463.000000 -1.591727 
-462.000000 -1.593256 
-461.000000 -1.586919 
-460.000000 -1.584229 
-459.000000 -1.579971 
-458.000000 -1.576588 
-457.000000 -1.575366 
-456.000000 -1.570089 
-455.000000 -1.566808 
-454.000000 -1.564078 
-453.000000 -1.557089 
-452.000000 -1.557435 
-451.000000 -1.550609 
-450.000000 -1.552260 
-449.000000 -1.544476 
-448.000000 -1.543213 
-447.000000 -1.538139 
-446.000000 -1.535837 
-445.000000 -1.534329 
-444.000000 -1.527809 
-443.000000 -1.525832 
-442.000000 -1.521961 
-441.000000 -1.518803 
-440.000000 -1.518477 
-439.000000 -1.509450 
-438.000000 -1.508391 
-437.000000 -1.503256 
-436.000000 -1.501056 
-435.000000 -1.499650 
-434.000000 -1.491887 
-433.000000 -1.491194 
-432.000000 -1.487139 
-431.000000 -1.482330 
-430.000000 -1.482616 
-429.000000 -1.474954 
-428.000000 -1.472183 
-427.000000 -1.468047 
-426.000000 -1.465276 
-425.000000 -1.464298 
-424.000000 -1.458470 
-423.000000 -1.454721 
-422.000000 -1.453499 
-421.000000 -1.447590 
-420.000000 -1.448527 
-419.000000 -1.441070 
-418.000000 -1.439093 
-417.000000 -1.436872 
-416.000000 -1.429619 
-415.000000 -1.429354 
-414.000000 -1.424708 
-413.000000 -1.420286 
-412.000000 -1.421978 
-411.000000 -1.412075 
-410.000000 -1.412870 
-409.000000 -1.406655 
-408.000000 -1.403436 
-407.000000 -1.401602 
-406.000000 -1.395204 
-405.000000 -1.394226 
-404.000000 -1.392209 
-403.000000 -1.386972 
-402.000000 -1.382551 
-401.000000 -1.383896 
-400.000000 -1.375745 
-399.000000 -1.378639 
-398.000000 -1.372261 
-397.000000 -1.369449 
-396.000000 -1.367615 
-395.000000 -1.363031 
-394.000000 -1.358120 
-393.000000 -1.357244 
-392.000000 -1.350479 
-391.000000 -1.347158 
-390.000000 -1.348055 
-389.000000 -1.337948 
-388.000000 -1.341840 
-387.000000 -1.334403 
-386.000000 -1.331326 
-385.000000 -1.330878 
-384.000000 -1.324541 
-383.000000 -1.322076 
-382.000000 -1.320772 
-381.000000 -1.315046 
-380.000000 -1.310400 
-379.000000 -1.313436 
-378.000000 -1.303289 
-377.000000 -1.302087 
-376.000000 -1.301720 
-375.000000 -1.292123 
-374.000000 -1.291044 
-373.000000 -1.289230 
-372.000000 -1.283464 
-371.000000 -1.279776 
-370.000000 -1.279837 
-369.000000 -1.271626 
-368.000000 -1.270138 
-367.000000 -1.268793 
-366.000000 -1.261010 
-365.000000 -1.262232 
-364.000000 -1.255855 
-363.000000 -1.252676 
-362.000000 -1.250170 
-361.000000 -1.245748 
-360.000000 -1.243079 
-359.000000 -1.239534 
-358.000000 -1.238108 
-357.000000 -1.230141 
-356.000000 -1.229448 
-355.000000 -1.228531 
-354.000000 -1.219382 
-353.000000 -1.220992 
-352.000000 -1.218445 
-351.000000 -1.210641 
-350.000000 -1.209317 
-349.000000 -1.206220 
-348.000000 -1.200759 
-347.000000 -1.197764 
-346.000000 -1.200616 
-345.000000 -1.190123 
-344.000000 -1.185396 
-343.000000 -1.188697 
-342.000000 -1.178998 
-341.000000 -1.175962 
-340.000000 -1.177734 
-339.000000 -1.167424 
-338.000000 -1.167567 
-337.000000 -1.165815 
-336.000000 -1.158520 
-335.000000 -1.157929 
-334.000000 -1.152183 
-333.000000 -1.153121 
-332.000000 -1.143687 
-331.000000 -1.139917 
-330.000000 -1.143605 
-329.000000 -1.133601 
-328.000000 -1.131115 
-327.000000 -1.132541 
-326.000000 -1.123983 
-325.000000 -1.121987 
-324.000000 -1.119256 
-323.000000 -1.116220 
-322.000000 -1.111941 
-321.000000 -1.107357 
-320.000000 -1.107622 
-319.000000 -1.101366 
-318.000000 -1.095743 
-317.000000 -1.097414 
-316.000000 -1.091525 
-315.000000 -1.085310 
-314.000000 -1.086737 
-313.000000 -1.083945 
-312.000000 -1.075673 
-311.000000 -1.074144 
-310.000000 -1.072616 
-309.000000 -1.067502 
-308.000000 -1.064588 
-307.000000 -1.060656 
-306.000000 -1.060472 
-305.000000 -1.053056 
-304.000000 -1.047575 
-303.000000 -1.050264 
-302.000000 -1.042603 
-301.000000 -1.038568 
-300.000000 -1.037183 
-299.000000 -1.037081 
-298.000000 -1.025691 
-297.000000 -1.025080 
-296.000000 -1.024122 
-295.000000 -1.019986 
-294.000000 -1.013221 
-293.000000 -1.009248 
-292.000000 -1.010124 
-291.000000 -1.004399 
-290.000000 -1.000425 
-289.000000 -0.995576 
-288.000000 -0.999631 
-287.000000 -0.989219 
-286.000000 -0.984960 
-285.000000 -0.986794 
-284.000000 -0.984756 
-283.000000 -0.972938 
-282.000000 -0.974161 
-281.000000 -0.971655 
-280.000000 -0.967539 
-279.000000 -0.961569 
-278.000000 -0.958879 
-277.000000 -0.957025 
-276.000000 -0.956292 
-275.000000 -0.947449 
-274.000000 -0.943577 
-273.000000 -0.945289 
-272.000000 -0.943027 
-271.000000 -0.933226 
-270.000000 -0.931454 
-269.000000 -0.933410 
-268.000000 -0.927684 
-267.000000 -0.919595 
-266.000000 -0.918271 
-265.000000 -0.917191 
-264.000000 -0.912993 
-263.000000 -0.907247 
-262.000000 -0.904680 
-261.000000 -0.902663 
-260.000000 -0.901216 
-259.000000 -0.893840 
-258.000000 -0.888359 
-257.000000 -0.887748 
-256.000000 -0.888767 
-255.000000 -0.879109 
-254.000000 -0.876684 
-253.000000 -0.875359 
-252.000000 -0.874952 
-251.000000 -0.865803 
-250.000000 -0.865314 
-249.000000 -0.859690 
-248.000000 -0.858794 
-247.000000 -0.854821 
-246.000000 -0.847995 
-245.000000 -0.846080 
-244.000000 -0.842758 
-243.000000 -0.843227 
-242.000000 -0.835586 
-241.000000 -0.831735 
-240.000000 -0.825337 
-239.000000 -0.829759 
-238.000000 -0.826173 
-237.000000 -0.815149 
-236.000000 -0.812847 
-235.000000 -0.814742 
-234.000000 -0.812562 
-233.000000 -0.802231 
-232.000000 -0.802150 
-231.000000 -0.797911 
-230.000000 -0.795670 
-229.000000 -0.792899 
-228.000000 -0.784993 
-227.000000 -0.785910 
-226.000000 -0.779145 
-225.000000 -0.777536 
-224.000000 -0.777108 
-223.000000 -0.767348 
-222.000000 -0.763904 
-221.000000 -0.762947 
-220.000000 -0.764883 
-219.000000 -0.760868 
-218.000000 -0.748684 
-217.000000 -0.746524 
-216.000000 -0.747624 
-215.000000 -0.745933 
-214.000000 -0.741023 
-213.000000 -0.730101 
-212.000000 -0.733402 
-211.000000 -0.729836 
-210.000000 -0.727778 
-209.000000 -0.723520 
-208.000000 -0.715064 
-207.000000 -0.717448 
-206.000000 -0.710113 
-205.000000 -0.710479 
-204.000000 -0.707036 
-203.000000 -0.700312 
-202.000000 -0.697846 
-201.000000 -0.690267 
-200.000000 -0.692264 
-199.000000 -0.691754 
-198.000000 -0.686253 
-197.000000 -0.676330 
-196.000000 -0.674822 
-195.000000 -0.674496 
-194.000000 -0.674313 
-193.000000 -0.669341 
-192.000000 -0.657095 
-191.000000 -0.661252 
-190.000000 -0.654670 
-189.000000 -0.653305 
-188.000000 -0.649678 
-187.000000 -0.646174 
-186.000000 -0.637596 
-185.000000 -0.640489 
-184.000000 -0.632420 
-183.000000 -0.630301 
-182.000000 -0.629853 
-181.000000 -0.627347 
-180.000000 -0.617077 
-179.000000 -0.616120 
-178.000000 -0.608418 
-177.000000 -0.610353 
-176.000000 -0.610618 
-175.000000 -0.606849 
-174.000000 -0.595398 
-173.000000 -0.594277 
-172.000000 -0.588083 
-171.000000 -0.591465 
-170.000000 -0.588979 
-169.000000 -0.585638 
-168.000000 -0.573779 
-167.000000 -0.574981 
-166.000000 -0.571375 
-165.000000 -0.567707 
-164.000000 -0.566179 
-163.000000 -0.562511 
-162.000000 -0.559373 
-161.000000 -0.550816 
-160.000000 -0.552731 
-159.000000 -0.545355 
-158.000000 -0.542625 
-157.000000 -0.541484 
-156.000000 -0.538692 
-155.000000 -0.536981 
-154.000000 -0.526467 
-153.000000 -0.526039 
-152.000000 -0.517094 
-151.000000 -0.517685 
-150.000000 -0.518255 
-149.000000 -0.516238 
-148.000000 -0.512326 
-147.000000 -0.499815 
-146.000000 -0.500508 
-145.000000 -0.494110 
-144.000000 -0.493254 
-143.000000 -0.493988 
-142.000000 -0.491522 
-141.000000 -0.486897 
-140.000000 -0.482007 
-139.000000 -0.467398 
-138.000000 -0.475405 
-137.000000 -0.469028 
-136.000000 -0.466195 
-135.000000 -0.464464 
-134.000000 -0.461692 
-133.000000 -0.456986 
-132.000000 -0.453644 
-131.000000 -0.442906 
-130.000000 -0.447491 
-129.000000 -0.443334 
-128.000000 -0.436691 
-127.000000 -0.435265 
-126.000000 -0.434613 
-125.000000 -0.431068 
-124.000000 -0.428134 
-123.000000 -0.417579 
-122.000000 -0.416336 
-121.000000 -0.413871 
-120.000000 -0.406250 
-119.000000 -0.404702 
-118.000000 -0.403724 
-117.000000 -0.404029 
-116.000000 -0.400973 
-115.000000 -0.396735 
-114.000000 -0.389155 
-113.000000 -0.377704 
-112.000000 -0.381535 
-111.000000 -0.376278 
-110.000000 -0.371469 
-109.000000 -0.372916 
-108.000000 -0.371530 
-107.000000 -0.368555 
-106.000000 -0.363828 
-105.000000 -0.359977 
-104.000000 -0.353864 
-103.000000 -0.333957 
-102.000000 -0.346916 
-101.000000 -0.344818 
-100.000000 -0.339072 
-99.000000 -0.334426 
-98.000000 -0.332714 
-97.000000 -0.329882 
-96.000000 -0.327172 
-95.000000 -0.322364 
-94.000000 -0.319287 
-93.000000 -0.316108 
-92.000000 -0.297057 
-91.000000 -0.308895 
-90.000000 -0.306654 
-89.000000 -0.301723 
-88.000000 -0.293206 
-87.000000 -0.291454 
-86.000000 -0.287929 
-85.000000 -0.285300 
-84.000000 -0.284180 
-83.000000 -0.280247 
-82.000000 -0.277211 
-81.000000 -0.276376 
-80.000000 -0.271241 
-79.000000 -0.253922 
-78.000000 -0.258730 
-77.000000 -0.256102 
-76.000000 -0.253535 
-75.000000 -0.244691 
-74.000000 -0.233383 
-73.000000 -0.238131 
-72.000000 -0.238864 
-71.000000 -0.234422 
-70.000000 -0.233138 
-69.000000 -0.233526 
-68.000000 -0.229267 
-67.000000 -0.225762 
-66.000000 -0.221524 
-65.000000 -0.218550 
-64.000000 -0.211500 
-63.000000 -0.186315 
-62.000000 -0.192978 
-61.000000 -0.192448 
-60.000000 -0.193997 
-59.000000 -0.189005 
-58.000000 -0.179673 
-57.000000 -0.169750 
-56.000000 -0.159929 
-55.000000 -0.169627 
-54.000000 -0.173051 
-53.000000 -0.169954 
-52.000000 -0.165756 
-51.000000 -0.162068 
-50.000000 -0.158156 
-49.000000 -0.155996 
-48.000000 -0.150882 
-47.000000 -0.146542 
-46.000000 -0.141692 
-45.000000 -0.136782 
-44.000000 -0.134337 
-43.000000 -0.129508 
-42.000000 -0.123049 
-41.000000 -0.118974 
-40.000000 -0.103610 
-39.000000 -0.075247 
-38.000000 -0.069033 
-37.000000 -0.086108 
-36.000000 -0.096886 
-35.000000 -0.086515 
-34.000000 -0.084315 
-33.000000 -0.084192 
-32.000000 -0.080443 
-31.000000 -0.078487 
-30.000000 -0.072660 
-29.000000 -0.067240 
-28.000000 -0.061229 
-27.000000 -0.057276 
-26.000000 -0.054831 
-25.000000 -0.050674 
-24.000000 -0.043747 
-23.000000 -0.036982 
-22.000000 -0.032051 
-21.000000 -0.027405 
-20.000000 -0.023941 
-19.000000 -0.018053 
-18.000000 -0.016749 
-17.000000 -0.001610 
-16.000000 0.000000 
-15.000000 0.000000 
-14.000000 0.000000 
-13.000000 0.000000 
-12.000000 0.000000 
-11.000000 0.000000 
-10.000000 0.000000 
-9.000000 0.000367 
-8.000000 0.000143 
-7.000000 0.000020 
-6.000000 0.000020 
-5.000000 0.000020 
-4.000000 0.000000 
-3.000000 0.000000 
-2.000000 0.000000 
-1.000000 0.000000 
0.000000 0.000000 
1.000000 0.000000 
2.000000 0.000000 
3.000000 0.000000 
